--
-- QUAN LY CUA HANG TIEN LOI
--

--
-- INSERT
--

-- Thêm dữ liệu vào bảng SANPHAM
INSERT INTO SANPHAM (MASP, TENSP, DONGIA, SOLUONG, LOAISP) 
VALUES ('8934841901856',N'Sữa tươi Cô Gái Hà Lan có đường hộp 180ml', 10000, 120, N'Sữa');
INSERT INTO SANPHAM (MASP, TENSP, DONGIA, SOLUONG, LOAISP) 
VALUES ('8935217400355',N'Sữa Tươi Tiệt Trùng Ít Đường TH true MILK 180 ml', 10000, 300, N'Sữa');
INSERT INTO SANPHAM (MASP, TENSP, DONGIA, SOLUONG, LOAISP) 
VALUES ('8934614015025',N'Sữa đậu nành Fami Nguyên chất có đường hộp 200ml', 7000, 90, N'Sữa');
INSERT INTO SANPHAM (MASP, TENSP, DONGIA, SOLUONG, LOAISP) 
VALUES ('8936079120139',N'Snack Lays Vị Khoai Tây Tự Nhiên Classic Gói 90g', 22000, 100, N'Snack');
INSERT INTO SANPHAM (MASP, TENSP, DONGIA, SOLUONG, LOAISP) 
VALUES ('8936036029031',N'Snack Vị Tảo Biển Nori King Marine Boy Gói 60g', 12000, 90, N'Snack');
INSERT INTO SANPHAM (MASP, TENSP, DONGIA, SOLUONG, LOAISP) 
VALUES ('8934588232114',N'Nước Tăng Lực Sting Vị Dâu Lon 320ml', 14000, 80, N'Nước uống');
INSERT INTO SANPHAM (MASP, TENSP, DONGIA, SOLUONG, LOAISP) 
VALUES ('8934563193263',N'Mì Siu Kay Vị Hải Sản Acecook Gói 128G', 15000, 50, N'Mì');
INSERT INTO SANPHAM (MASP, TENSP, DONGIA, SOLUONG, LOAISP) 
VALUES ('8935001820062',N'Bút Xóa Thiên Long CP-02', 30000, 20, N'Văn phòng phẩm');
INSERT INTO SANPHAM (MASP, TENSP, DONGIA, SOLUONG, LOAISP) 
VALUES ('8935001808282',N'Bút Lông Dầu Thiên Long PM07 Mực Đỏ Vỉ 2 Cây', 28000, 20, N'Văn phòng phẩm');
INSERT INTO SANPHAM (MASP, TENSP, DONGIA, SOLUONG, LOAISP) 
VALUES ('8935049501534',N'Nước Ngọt Coca Cola Zero Lon 320ml', 11000, 60, N'Nước uống');
INSERT INTO SANPHAM (MASP, TENSP, DONGIA, SOLUONG, LOAISP) 
VALUES ('8934563122201',N'Hảo Hảo Big Tôm Chua Cay Gói 100G', 7000, 50, N'Mì');
INSERT INTO SANPHAM (MASP, TENSP, DONGIA, SOLUONG, LOAISP) 
VALUES ('8935006360006',N'Bánh Mì Hoa Cúc Otto 300g', 50000, 15, N'Bánh mì');
INSERT INTO SANPHAM (MASP, TENSP, DONGIA, SOLUONG, LOAISP) 
VALUES ('8935001719106',N'Kẹo Cà Phê Sữa Maccofee Cà Phê Phố Gói 101.5G', 15000, 40, N'Kẹo');
INSERT INTO SANPHAM (MASP, TENSP, DONGIA, SOLUONG, LOAISP) 
VALUES ('8934868152590',N'Dầu Gội Clear Bạc Hà Mát Lạnh Sạch Gàu Chai 880g', 250000, 20, N'Dầu gội - Sữa Tắm');
INSERT INTO SANPHAM (MASP, TENSP, DONGIA, SOLUONG, LOAISP) 
VALUES ('8938523699185',N'Cá Viên HT Food Gói 500g', 42000, 7, N'Thực phẩm đông lạnh');
INSERT INTO SANPHAM (MASP, TENSP, DONGIA, SOLUONG, LOAISP) 
VALUES ('8934717401909',N'Mandu kim chi và gà CJ 350G', 60000, 8, N'Thực phẩm đông lạnh');
INSERT INTO SANPHAM (MASP, TENSP, DONGIA, SOLUONG, LOAISP) 
VALUES ('8936036028379',N'Bánh Mì Baguette Cest Bon Vị Bơ Tỏi Đút Lò Gói 180G', 36000, 7, N'Bánh mì');
INSERT INTO SANPHAM (MASP, TENSP, DONGIA, SOLUONG, LOAISP) 
VALUES ('8859578600257',N'Kẹo Playmore Dưa Hấu 22G', 38000, 20, N'Kẹo');
/

SELECT * FROM SANPHAM;
/

-- Thêm dữ liệu vào bảng TAIKHOAN
INSERT INTO TAIKHOAN (MATK, TENDANGNHAP, MATKHAU, LOAITK, MATKQUANLY) 
VALUES ('TK000', 'DOAN', 'a1', N'Admin', NULL); 
/
INSERT INTO TAIKHOAN (MATK, TENDANGNHAP, MATKHAU, LOAITK, MATKQUANLY) 
VALUES ('TK001', 'quangnv', 'nvq', N'Admin', NULL); 
INSERT INTO TAIKHOAN (MATK, TENDANGNHAP, MATKHAU, LOAITK, MATKQUANLY) 
VALUES ('TK002', 'tutt', 'ttt', N'Admin', NULL); 
INSERT INTO TAIKHOAN (MATK, TENDANGNHAP, MATKHAU, LOAITK, MATKQUANLY) 
VALUES ('TK003', 'longlh', 'lhl', N'User', 'TK001'); 
INSERT INTO TAIKHOAN (MATK, TENDANGNHAP, MATKHAU, LOAITK, MATKQUANLY) 
VALUES ('TK004', 'anhpm', 'pma', N'User', 'TK002'); 
INSERT INTO TAIKHOAN (MATK, TENDANGNHAP, MATKHAU, LOAITK, MATKQUANLY) 
VALUES ('TK005', 'ngocvt', 'vtn', N'User', 'TK001'); 
/

SELECT * FROM TAIKHOAN;
/

-- Thêm dữ liệu vào bảng THONGTINTK
INSERT INTO THONGTINTK (MATK, TENTK , SODIENTHOAI, DIACHI) 
VALUES ('TK000', N'Quản Lý Cửa Hàng Tiện Lợi', '0000000000', N'XXXXXXXXXX'); 
INSERT INTO THONGTINTK (MATK, TENTK , SODIENTHOAI, DIACHI) 
VALUES ('TK001', N'Nguyễn Văn Quang', '0912345678', N'123 Lê Lợi, Quận 1, TP.HCM'); 
INSERT INTO THONGTINTK (MATK, TENTK , SODIENTHOAI, DIACHI) 
VALUES ('TK002', N'Trần Thị Tú', '0918765432', N'45 Nguyễn Huệ, Quận 1, TP.HCM'); 
INSERT INTO THONGTINTK (MATK, TENTK , SODIENTHOAI, DIACHI) 
VALUES ('TK003', N'Nguyễn Văn Quang', '0912345678', N'123 Lê Lợi, Quận 1, TP.HCM'); 
INSERT INTO THONGTINTK (MATK, TENTK , SODIENTHOAI, DIACHI) 
VALUES ('TK004', N'Phạm Minh Anh', '0908765432', N'78 Lý Tự Trọng, Quận 1, TP.HCM'); 
INSERT INTO THONGTINTK (MATK, TENTK , SODIENTHOAI, DIACHI) 
VALUES ('TK005', N'Võ Thị Ngọc', '0932345678', N'100 Nguyễn Văn Trỗi, Quận Phú Nhuận, TP.HCM'); 
/

SELECT * FROM THONGTINTK;
/

TRUNCATE TABLE TAIKHOAN; --XOA DU LIEU
/

-- Thêm dữ liệu vào bảng HOADON
INSERT INTO HOADON (MAHD, TONGTIEN, MATK) 
VALUES ('HD001', 1200000, 'TK001');
INSERT INTO HOADON (MAHD, TONGTIEN, MATK) 
VALUES ('HD002', 1500000, 'TK002');
INSERT INTO HOADON (MAHD, TONGTIEN, MATK) 
VALUES ('HD003', 1700000, 'TK003');
INSERT INTO HOADON (MAHD, TONGTIEN, MATK) 
VALUES ('HD004', 900000, 'TK004');
INSERT INTO HOADON (MAHD, TONGTIEN, MATK) 
VALUES ('HD005', 1100000, 'TK005');
INSERT INTO HOADON (MAHD, TONGTIEN, MATK) 
VALUES ('HD006', 800000, 'TK001');
INSERT INTO HOADON (MAHD, TONGTIEN, MATK) 
VALUES ('HD007', 1250000, 'TK002');
INSERT INTO HOADON (MAHD, TONGTIEN, MATK) 
VALUES ('HD008', 1350000, 'TK003');
INSERT INTO HOADON (MAHD, TONGTIEN, MATK) 
VALUES ('HD009', 950000, 'TK004');
INSERT INTO HOADON (MAHD, TONGTIEN, MATK) 
VALUES ('HD010', 1400000, 'TK005');
/

SELECT * FROM HOADON;
/

-- Thêm dữ liệu vào bảng CHITIETHOADON
INSERT INTO CHITIETHOADON (MASP, MAHD, TONGMUA) 
VALUES ('8934841901856', 'HD001', 10);
INSERT INTO CHITIETHOADON (MASP, MAHD, TONGMUA) 
VALUES ('8935217400355', 'HD001', 20);
INSERT INTO CHITIETHOADON (MASP, MAHD, TONGMUA) 
VALUES ('8934614015025', 'HD002', 15);
INSERT INTO CHITIETHOADON (MASP, MAHD, TONGMUA) 
VALUES ('8936079120139', 'HD002', 25);
INSERT INTO CHITIETHOADON (MASP, MAHD, TONGMUA) 
VALUES ('8936036029031', 'HD003', 10);
INSERT INTO CHITIETHOADON (MASP, MAHD, TONGMUA) 
VALUES ('8934588232114', 'HD003', 30);
INSERT INTO CHITIETHOADON (MASP, MAHD, TONGMUA) 
VALUES ('8934563193263', 'HD004', 10);
INSERT INTO CHITIETHOADON (MASP, MAHD, TONGMUA) 
VALUES ('8935001820062', 'HD004', 8);
INSERT INTO CHITIETHOADON (MASP, MAHD, TONGMUA) 
VALUES ('8935001808282', 'HD005', 15);
INSERT INTO CHITIETHOADON (MASP, MAHD, TONGMUA) 
VALUES ('8935049501534', 'HD005', 7);
INSERT INTO CHITIETHOADON (MASP, MAHD, TONGMUA) 
VALUES ('8934563122201', 'HD006', 12);
INSERT INTO CHITIETHOADON (MASP, MAHD, TONGMUA) 
VALUES ('8935006360006', 'HD006', 18);
INSERT INTO CHITIETHOADON (MASP, MAHD, TONGMUA) 
VALUES ('8935001719106', 'HD007', 7);
INSERT INTO CHITIETHOADON (MASP, MAHD, TONGMUA) 
VALUES ('8934868152590', 'HD007', 4);
INSERT INTO CHITIETHOADON (MASP, MAHD, TONGMUA) 
VALUES ('8938523699185', 'HD008', 6);
INSERT INTO CHITIETHOADON (MASP, MAHD, TONGMUA) 
VALUES ('8934717401909', 'HD008', 10);
INSERT INTO CHITIETHOADON (MASP, MAHD, TONGMUA) 
VALUES ('8936036028379', 'HD009', 5);
INSERT INTO CHITIETHOADON (MASP, MAHD, TONGMUA) 
VALUES ('8859578600257', 'HD009', 15);
INSERT INTO CHITIETHOADON (MASP, MAHD, TONGMUA) 
VALUES ('8934841901856', 'HD010', 12);
INSERT INTO CHITIETHOADON (MASP, MAHD, TONGMUA) 
VALUES ('8935217400355', 'HD010', 8);
/

SELECT * FROM CHITIETHOADON;
/
delete from DOAN.HOADON where DOAN.MAHD = 'MAHD011';
